source_row,account_pims_code,patient_name,weight,mapped_alert_ids,mapped_alert_labels,status,account_id,patient_id,error
6,9234,Boo,5.4,,,planned,,,
7,10204,Jack,63.8,,,planned,,,
8,11707,Oreo,50.4,,,planned,,,
9,11391,Big boy,12.96,,,planned,,,
10,6152,Chaney,11.4,,,planned,,,
11,11274,Thor,98.2,284,Muzzle for Treatments,planned,,,
12,11135,Murray,11.16,,,planned,,,
13,11243,Dancer,10.59,,,planned,,,
14,3379,Private,80.4,,,planned,,,
15,9736,Cracker,94.6,,,planned,,,
16,11065,Bonnet,77.4,,,planned,,,
17,10852,Gemma,34.8,,,planned,,,
18,8267,Sabian,50.2,,,planned,,,
19,7596,Rockwell,54.0,,,planned,,,
20,11817,Nala,55.2,,,planned,,,
21,10950,Zeus,60.0,,,planned,,,
22,11880,Lily,11.12,,,planned,,,
23,11613,Mr. Luna,9.62,,,planned,,,
24,8659,Reggie,12.44,,,planned,,,
25,11668,Sky,48.8,,,planned,,,
26,11926,Iceland,1.75,,,planned,,,
27,11466,Chloe,10.6,,,planned,,,
28,11646,Snickerz,10.66,,,planned,,,
29,10521,Eli,41.2,,,planned,,,
30,8936,Dundee,13.0,,,planned,,,
31,11298,Monty,94.8,,,planned,,,
32,4073,Muffin,6.84,,,planned,,,
33,10100,Zoey,7.2,,,planned,,,
34,11846,Bentley,6.19,,,planned,,,
35,11076,Mewan,10.47,,,planned,,,
36,11351,Rolo,0.0,,,planned,,,
37,11436,Mia,48.2,"215,284",Caution - Will Bite | Muzzle for Treatments,planned,,,
38,10510,Auggie,9.8,,,planned,,,
39,10149,Ridley,68.8,,,planned,,,
40,9596,Tom,13.06,215,Caution - Will Bite,planned,,,
41,9324,Lilly,9.8,,,planned,,,
42,11669,Peanut,14.09,,,planned,,,
43,11435,Pheobe,10.4,,,planned,,,
44,10615,Floyd,6.6,,,planned,,,
45,2948,Tuff,15.0,,,planned,,,
46,11595,Regan,54.2,,,planned,,,
47,6059,Big Boi,59.8,,,planned,,,
48,11834,Lily,9.34,,,planned,,,
49,8992,Mya,67.4,,,planned,,,
50,6535,Nero,17.94,,,planned,,,
51,10374,Kit Kat,9.34,,,planned,,,
52,9726,Isabelle,18.44,,,planned,,,
53,9327,Steve Pawgers,19.0,,,planned,,,
54,9964,Chewie,61.2,,,planned,,,
55,11766,Max,0.0,,,planned,,,
56,10654,Posey,31.8,,,planned,,,
57,1608,Emilia,24.6,,,planned,,,
58,11354,Casca,28.8,,,planned,,,
59,11742,Vennie,0.0,,,planned,,,
60,10018,Gracie,107.2,,,planned,,,
61,10624,Bella,61.4,,,planned,,,
62,11013,Waylon,68.2,,,planned,,,
63,7255,Zoey,62.8,,,planned,,,
64,10646,Buffy,13.31,,,planned,,,
65,11460,Cleo,8.16,,,planned,,,
66,8715,Tilley,76.6,,,planned,,,
67,10782,Cinnamon,11.88,,,planned,,,
68,8427,Bella,70.0,,,planned,,,
69,8887,Spanky,92.6,,,planned,,,
70,11573,Wrangler,7.81,,,planned,,,
71,11857,Fenix,80.4,,,planned,,,
72,11553,Tiny,3.14,,,planned,,,
73,8813,Romie,6.8,,,planned,,,
74,11576,Killer,15.2,,,planned,,,
75,10831,Sammy,8.2,,,planned,,,
76,2512,Ziggy,8.06,,,planned,,,
77,5628,Floofy,14.91,,,planned,,,
78,11205,Lulu,12.2,,,planned,,,
79,10275,Lucille,16.0,,,planned,,,
80,11932,Macie,0.0,,,planned,,,
81,11715,Vinny,2.65,,,planned,,,
82,8736,Sissy,47.6,,,planned,,,
83,10304,Bella Luna,36.0,,,planned,,,
84,11851,Gracie,13.4,,,planned,,,
85,10358,Daisy,18.4,,,planned,,,
86,11540,Spooky,19.65,,,planned,,,
87,11538,Charlee,9.4,,,planned,,,
88,11357,Sadie,31.4,,,planned,,,
89,7537,Ollie,54.2,284,Muzzle for Treatments,planned,,,
90,10171,Milo,15.94,,,planned,,,
91,10651,Meena,19.2,,,planned,,,
92,6910,Finnegan,20.6,209,Caution - Go Slow,planned,,,
93,8862,Thomasina,77.0,,,planned,,,
94,11112,Katie,14.4,,,planned,,,
95,11666,Loki,11.9,,,planned,,,
96,11267,Rip,27.2,,,planned,,,
97,2731,Hagen,64.6,,,planned,,,
98,452,Baxter,33.8,,,planned,,,
99,11395,Jax,16.0,,,planned,,,
100,11697,Otis,62.6,215,Caution - Will Bite,planned,,,
101,11398,Georgie,15.0,,,planned,,,
102,11543,Pedey,12.2,,,planned,,,
103,9087,Mia,4.97,,,planned,,,
104,11901,Slayer,24.8,,,planned,,,
105,10640,Winston,71.8,,,planned,,,
106,10629,Benjamin,14.5,,,planned,,,
107,11640,Sadie,72.4,,,planned,,,
108,11362,Miss Kitty,9.4,,,planned,,,
109,9318,Waylon,36.4,,,planned,,,
110,9668,Draco,105.8,,,planned,,,
111,3829,Bingo,10.0,,,planned,,,
112,11473,Riley,41.2,,,planned,,,
113,8880,Griso,11.678,,,planned,,,
114,10193,Falcor,15.6,,,planned,,,
115,11611,Maverick,99.2,,,planned,,,
116,11799,Dakota,56.6,,,planned,,,
117,11924,Pearl,10.34,,,planned,,,
118,11405,Bear,57.6,209,Caution - Go Slow,planned,,,
119,7660,Daryl (6),11.5,,,planned,,,
120,7579,Willow  (Nancy-White),13.71,,,planned,,,
121,7120,Jaspah,12.6,,,planned,,,
122,11310,Dinker,13.47,,,planned,,,
123,9237,Shorty,13.2,,,planned,,,
124,11512,Skippy,23.2,,,planned,,,
125,11367,Cotton,16.91,215,Caution - Will Bite,planned,,,
126,11886,Teddy,7.53,,,planned,,,
127,11822,Mickey,86.2,,,planned,,,
128,11345,Sadie,55.0,,,planned,,,
129,11136,Bella,15.3,,,planned,,,
130,11477,Helen,16.71,,,planned,,,
131,11153,Bella,7.8,,,planned,,,
132,11392,Vader,63.0,,,planned,,,
133,11891,Miles,6.12,,,planned,,,
134,11769,Delilah,17.0,,,planned,,,
135,2138,Destiny,10.8,,,planned,,,
136,11630,Minnie,10.25,,,planned,,,
137,11644,Amira,30.0,,,planned,,,
138,4671,Shimmer,5.94,,,planned,,,
139,11736,Ramses,6.68,,,planned,,,
140,6068,Faith,10.8,,,planned,,,
141,9084,Doc,8.84,,,planned,,,
142,1983,Clark,16.12,,,planned,,,
143,11555,Willow,79.4,,,planned,,,
144,10231,Meagan,85.0,,,planned,,,
145,5708,Shelby,44.8,,,planned,,,
146,9344,Coco,7.0,,,planned,,,
147,6550,Poppy,103.4,,,planned,,,
148,10388,Wookiee,53.2,,,planned,,,
149,10307,Finn,73.0,,,planned,,,
150,8795,Peaches,10.2,,,planned,,,
151,11329,Zoie,21.6,,,planned,,,
152,11449,Gator,32.0,,,planned,,,
153,4846,Bo (1),23.4,,,planned,,,
154,9159,Bella,57.4,,,planned,,,
155,11720,Bandit,88.4,,,planned,,,
156,8200,Patches,60.6,,,planned,,,
157,2097,Beau,85.4,,,planned,,,
158,10851,Bailey,64.4,235,Dog Aggressive,planned,,,
159,7560,Tiger,5.12,,,planned,,,
160,7750,Willie,22.0,,,planned,,,
161,9931,Daisy,50.4,,,planned,,,
162,11900,Zelda,11.22,,,planned,,,
163,11755,Duda,4.59,,,planned,,,
164,7567,Wendy (2),20.2,,,planned,,,
165,7089,Higgens,7.19,,,planned,,,
166,8529,Russell,14.2,,,planned,,,
167,6344,Eddie,44.8,,,planned,,,
168,11515,Opie,9.8,,,planned,,,
169,10776,Eclair,11.53,,,planned,,,
170,9708,8 Puppies,0.0,,,planned,,,
171,10044,Roscko,46.2,,,planned,,,
172,9395,Rogue,49.8,,,planned,,,
173,11855,Charlie,9.8,,,planned,,,
174,7744,Wallis,8.6,,,planned,,,
175,11740,Nina,51.2,,,planned,,,
176,9185,Princess (#2),10.59,,,planned,,,
177,3351,Summer Rose,25.8,,,planned,,,
178,6123,Marlo,14.37,,,planned,,,
179,9114,Bella,8.2,,,planned,,,
180,8947,Charlie,10.68,,,planned,,,
181,6169,Hamish,15.37,,,planned,,,
182,11936,Phoenix,9.5,,,planned,,,
183,11394,Bria,17.4,,,planned,,,
184,10283,Freddie,39.6,,,planned,,,
185,10186,Billy,67.4,,,planned,,,
186,10592,Layla,0.0,,,planned,,,
187,8786,Baby (#1),9.0,,,planned,,,
188,8762,Ella Violet,55.0,"215,192",Caution - Will Bite | Blind,planned,,,
189,7342,Ronny,6.4,,,planned,,,
190,11674,Bentley,20.2,,,planned,,,
191,9420,Atlas,54.4,209,Caution - Go Slow,planned,,,
192,9171,Molly Jo,9.4,,,planned,,,
193,11348,Bella,11.0,,,planned,,,
194,10341,Keva,54.0,,,planned,,,
195,6557,SinDee,19.2,,,planned,,,
196,4205,Jade,8.06,,,planned,,,
197,11872,New Puppy,0.0,,,planned,,,
198,9857,Teddy,86.8,,,planned,,,
199,10565,Queenie Royalty,12.28,,,planned,,,
200,8838,Stella,86.2,,,planned,,,
201,197,Dora,11.62,,,planned,,,
202,11445,Marvel,74.4,,,planned,,,
203,7574,Izzy Mae,10.2,,,planned,,,
204,11326,Harper,77.6,,,planned,,,
205,11614,Molly,85.0,,,planned,,,
206,9252,Cherie,9.19,,,planned,,,
207,11359,Boots,0.0,,,planned,,,
208,7842,Arturia,65.2,,,planned,,,
209,10945,Dixie,18.0,,,planned,,,
210,11860,Max,102.6,,,planned,,,
211,10658,Boots,6.81,,,planned,,,
212,11487,Maggie,8.8,,,planned,,,
213,11494,Stray,82.0,,,planned,,,
214,11376,Bodhi,60.6,,,planned,,,
215,11256,Mr. Mr.,0.0,,,planned,,,
216,11426,Abigale,24.0,,,planned,,,
217,10353,Champ,60.4,,,planned,,,
218,7352,Toochi,16.0,,,planned,,,
219,11774,Tyler,15.2,,,planned,,,
220,11775,Rocco,21.0,,,planned,,,
221,11675,Bibbleton,0.0,,,planned,,,
222,11202,Magnolia,110.0,,,planned,,,
223,10282,Kuro,10.06,,,planned,,,
224,11501,Hans,18.2,,,planned,,,
225,11593,Penny,21.8,,,planned,,,
226,10250,Lillee,10.4,,,planned,,,
227,6962,Suzy,11.37,,,planned,,,
228,7397,Caleb (#3),8.4,,,planned,,,
229,11754,Athena,88.6,,,planned,,,
230,4009,Harley Quinn,86.8,,,planned,,,
231,10287,Maggie,13.09,,,planned,,,
232,6582,Logan,79.6,,,planned,,,
233,11179,Oliver King,11.8,,,planned,,,
234,9168,Tarot,8.62,,,planned,,,
235,7121,Louie,18.2,,,planned,,,
236,11689,Tuna,5.44,,,planned,,,
237,8855,Amos,33.6,,,planned,,,
238,9738,Josie,14.2,,,planned,,,
239,11321,Kipper,11.47,,,planned,,,
240,11012,Vera,45.4,,,planned,,,
241,10148,Luna,43.2,,,planned,,,
242,3074,CASH,0.0,,,planned,,,
243,5601,Sugar Lemon Fizz,82.6,,,planned,,,
244,1512,Cats,7.5,,,planned,,,
245,9733,Ni,9.8,,,planned,,,
246,10673,Mancha,0.0,,,planned,,,
247,10664,Ernie,17.4,,,planned,,,
248,11496,Coco,8.0,,,planned,,,
249,2756,C,10.68,,,planned,,,
250,6150,Molly,56.6,284,Muzzle for Treatments,planned,,,
251,11213,Munchkin,13.0,,,planned,,,
252,9312,Kanani  (#3),63.2,,,planned,,,
253,7188,Brandy,52.8,,,planned,,,
254,11286,Riddick,24.8,,,planned,,,
255,6359,Mr. Banxsy,11.53,,,planned,,,
256,10990,Nala (Spirit),65.2,,,planned,,,
257,6814,Maggie,32.0,,,planned,,,
258,11228,Mattie,18.4,,,planned,,,
259,11797,Castle,72.6,,,planned,,,
260,11275,Melania,42.0,,,planned,,,
261,10721,Zuzu,5.8,,,planned,,,
262,11355,Lucho,52.0,,,planned,,,
263,6686,Gucci,13.2,,,planned,,,
264,10542,Titan,13.0,,,planned,,,
265,11358,Cootie,14.37,,,planned,,,
266,11912,Rusty,14.28,,,planned,,,
267,11651,Daisy,0.0,,,planned,,,
268,8591,Callie,7.97,,,planned,,,
269,11456,Jethro,6.84,,,planned,,,
270,9772,Ebony,12.78,,,planned,,,
271,10954,Lexis,6.91,,,planned,,,
272,10704,Louie,43.6,,,planned,,,
273,7616,Mittens,17.84,,,planned,,,
274,10685,Princess,10.31,,,planned,,,
275,11235,Baby,7.4,,,planned,,,
276,4030,Skipper,20.6,,,planned,,,
277,120,Winston,11.8,284,Muzzle for Treatments,planned,,,
278,11684,Buddy,5.88,,,planned,,,
279,11907,Pete,15.6,,,planned,,,
280,2705,Alden,24.2,,,planned,,,
281,11462,Marlo,12.56,,,planned,,,
282,11246,Sammy,18.12,,,planned,,,
283,8744,Maggie,12.0,,,planned,,,
284,11569,Ozzy,5.28,,,planned,,,
285,11843,Jerry Lee,20.8,,,planned,,,
286,11801,Greta,6.28,,,planned,,,
287,11619,Munch,18.0,,,planned,,,
288,5840,Buddy,8.8,,,planned,,,
289,11078,Joey,9.4,,,planned,,,
290,5434,Stash,13.4,,,planned,,,
291,10939,Zeus,70.02,,,planned,,,
292,6260,Sadie,56.0,,,planned,,,
293,11303,Sylvie,10.68,,,planned,,,
294,9151,Cooper,71.0,,,planned,,,
295,8638,Chloe,13.0,,,planned,,,
296,8013,Rumor,57.6,,,planned,,,
297,11104,Pollywog,75.8,,,planned,,,
298,8404,Zander,7.8,,,planned,,,
299,9562,Willy,75.4,"284,296",Muzzle for Treatments | No Rectal Temps,planned,,,
300,11578,Gamby,5.6,,,planned,,,
301,8666,Sheldon,9.8,,,planned,,,
302,10450,Jasmine,5.2,,,planned,,,
303,10568,Bear,52.23,,,planned,,,
304,6617,CiCi,51.4,,,planned,,,
305,9927,Oliver,19.0,,,planned,,,
306,3826,Rosie,11.71,,,planned,,,
307,9846,Magni,83.8,,,planned,,,
308,11589,Hadi,6.28,,,planned,,,
309,11731,Paulie,6.8,,,planned,,,
310,11281,Buddy,11.0,,,planned,,,
311,10705,Taffy,8.0,,,planned,,,
312,11757,Pandi,15.25,,,planned,,,
313,11293,Willow,6.47,,,planned,,,
314,11839,Oscar,13.4,,,planned,,,
315,10262,Molly,56.8,,,planned,,,
316,11387,Penelope,11.56,,,planned,,,
317,7505,Gryffindore,18.0,,,planned,,,
318,10567,Sophie,20.8,,,planned,,,
319,11829,Lil Dude,18.6,,,planned,,,
320,10934,Becca,11.4,,,planned,,,
321,3010,Bella  (Kitty),5.47,,,planned,,,
322,11704,Fred,16.5,,,planned,,,
323,7629,Peanut,11.53,,,planned,,,
324,7815,Bentley Blu,12.0,,,planned,,,
325,9067,Sparkle,91.2,,,planned,,,
326,11691,Luna,8.5,,,planned,,,
327,10401,Rosie,39.0,,,planned,,,
328,8034,Zoey,68.0,,,planned,,,
329,9687,Jessey,16.19,,,planned,,,
330,11069,Julie,14.0,,,planned,,,
331,2364,Finn,18.8,,,planned,,,
332,8607,Domino,17.8,,,planned,,,
333,8275,Lily,71.4,,,planned,,,
334,4995,Willow,55.8,,,planned,,,
335,11838,Ollie (Axe),38.2,,,planned,,,
336,11626,Benjiman Button,12.68,,,planned,,,
337,4600,Rosie,70.8,,,planned,,,
338,11386,Matilda,12.5,,,planned,,,
339,11239,Benji,35.8,,,planned,,,
340,2340,Jack (#2),8.65,,,planned,,,
341,11698,Charlee,0.0,,,planned,,,
342,11001,Princess,11.28,,,planned,,,
343,8810,Lola,55.4,,,planned,,,
344,6902,Angel,10.2,,,planned,,,
345,10416,Macy Gray,10.8,,,planned,,,
346,11514,Sassy,24.4,,,planned,,,
347,5863,Teddy,23.8,,,planned,,,
348,10569,Daisy,61.4,,,planned,,,
349,10901,Nala,7.22,,,planned,,,
350,9435,Senshi,11.84,,,planned,,,
351,9458,Rocky,10.56,,,planned,,,
352,11113,Muffy,10.0,,,planned,,,
353,11211,Patrick,8.4,,,planned,,,
354,11382,Oliver,35.8,215,Caution - Will Bite,planned,,,
355,10534,Girl,9.71,,,planned,,,
356,1766,Kylo,16.95,,,planned,,,
357,10824,Ducky,10.06,,,planned,,,
358,7412,Nola,12.4,,,planned,,,
359,6269,Oliver,7.9,,,planned,,,
360,8438,Callie,40.4,,,planned,,,
361,7711,Sheldon,12.6,,,planned,,,
362,11845,Dexter,31.6,,,planned,,,
363,11805,Mika,64.8,,,planned,,,
364,6394,Oreo,15.4,,,planned,,,
365,11254,Dory,13.8,,,planned,,,
366,11461,Amor,4.8,,,planned,,,
367,11904,Bella,53.8,,,planned,,,
368,2530,Kitti,12.55,,,planned,,,
369,11194,Hazel,23.0,,,planned,,,
370,11789,Big Boy,9.84,,,planned,,,
371,11291,Duke,13.8,,,planned,,,
372,11443,Hemi,11.7,,,planned,,,
373,11791,Winnifred,0.0,,,planned,,,
374,9758,Takeo,17.8,,,planned,,,
375,11344,Emmy,6.8,,,planned,,,
376,11579,Tank,67.6,,,planned,,,
377,8442,Blue,45.2,"284,200",Muzzle for Treatments | Cat Aggressive,planned,,,
378,3178,Calli,82.4,,,planned,,,
379,11588,Lola,40.6,,,planned,,,
380,11570,Perla,9.0,,,planned,,,
381,8104,Clover,30.8,,,planned,,,
382,11921,Tiger,6.09,,,planned,,,
383,6183,Cotton,11.84,,,planned,,,
384,11307,Sophie,9.68,,,planned,,,
385,9923,Ellie,14.4,,,planned,,,
386,8058,Dixie,33.0,,,planned,,,
387,11493,Aleksys,6.37,,,planned,,,
388,10057,Shiloh,50.2,,,planned,,,
389,4881,Jasper,6.6,,,planned,,,
390,7142,Yodi,12.88,,,planned,,,
391,11253,Rex,70.8,,,planned,,,
392,11818,Dexter,9.0,,,planned,,,
393,8238,Chloe,18.8,,,planned,,,
394,10764,Sweet Pea,65.6,,,planned,,,
395,7234,Pet Donations,0.0,,,planned,,,
396,7645,Sunny,74.6,,,planned,,,
397,8039,Missy,10.38,,,planned,,,
398,8371,Flash,46.0,,,planned,,,
399,11339,Andy,54.4,,,planned,,,
400,7808,Buddy,15.0,,,planned,,,
401,11750,Boy,0.0,,,planned,,,
402,11457,Bella,42.0,,,planned,,,
403,10076,Mickey,15.8,,,planned,,,
404,11634,Lily,63.6,209,Caution - Go Slow,planned,,,
405,10914,Rocky,56.8,,,planned,,,
406,11328,Lady Who,11.62,,,planned,,,
407,11596,Luna,27.8,,,planned,,,
408,11765,Sam,97.8,,,planned,,,
409,7484,Bruno,37.2,,,planned,,,
410,11837,Bam,8.0,,,planned,,,
411,8464,Moose,49.6,,,planned,,,
412,11863,Brandy,45.8,,,planned,,,
413,11683,Sam,81.4,,,planned,,,
414,11323,Layla,76.2,,,planned,,,
415,11305,Macy,9.0,,,planned,,,
416,11530,Max,59.8,,,planned,,,
417,11895,Kelsey,67.5,,,planned,,,
418,6267,Chloe,17.6,,,planned,,,
419,11283,Prince,15.0,,,planned,,,
420,10285,Stevie,10.0,,,planned,,,
421,11161,Morgan,79.6,,,planned,,,
422,10989,Pepper,11.78,,,planned,,,
423,11908,Mulligan,79.2,,,planned,,,
424,11126,Peyton,72.4,,,planned,,,
425,11617,Nico,35.0,,,planned,,,
426,11446,Tux,20.0,,,planned,,,
427,10418,Tabbykin,21.12,215,Caution - Will Bite,planned,,,
428,11784,Martin,3.5,,,planned,,,
429,209,Belle,135.8,,,planned,,,
430,9501,Zelda,48.4,,,planned,,,
431,11500,Nebula,11.25,,,planned,,,
432,2873,Abbey,10.0,,,planned,,,
433,11875,Mj,45.8,,,planned,,,
434,9500,Dante,47.2,,,planned,,,
435,7734,Loki,47.2,,,planned,,,
436,10659,Kaluhua,8.0,,,planned,,,
437,11396,Simba,0.0,,,planned,,,
438,11823,Duke,23.8,,,planned,,,
439,11830,Joey,10.84,,,planned,,,
440,11284,Augie,60.0,,,planned,,,
441,10627,Link,14.8,,,planned,,,
442,11909,Mingo,12.59,,,planned,,,
443,11439,Oreo,15.0,,,planned,,,
444,11608,Cowboy,11.31,,,planned,,,
445,11480,Leonidas,0.0,,,planned,,,
446,9673,Ziggy,14.2,,,planned,,,
447,10838,Frankie,130.6,,,planned,,,
448,11091,Mor'du,118.4,,,planned,,,
449,11190,Just Dean,5.56,,,planned,,,
450,5668,Tessie Star,20.2,"215,284",Caution - Will Bite | Muzzle for Treatments,planned,,,
451,11695,Greece,10.97,,,planned,,,
452,11662,Buster,9.4,,,planned,,,
453,9495,Ellie,17.25,,,planned,,,
454,10680,Denali,16.5,,,planned,,,
455,11470,Charlie,14.25,,,planned,,,
456,11432,Ozzie,68.8,,,planned,,,
457,11428,Sammie,8.2,,,planned,,,
458,8844,Simba,59.8,,,planned,,,
459,11665,Lukas,40.4,,,planned,,,
460,11117,Lemony,66.4,,,planned,,,
461,11149,Daisy,8.4,,,planned,,,
462,7171,Sammy,14.0,,,planned,,,
463,9011,Bob,12.8,,,planned,,,
464,11803,Duke,111.0,,,planned,,,
465,11637,Zion,14.16,,,planned,,,
466,6904,Sidney,36.0,,,planned,,,
467,2749,Sergeant,15.4,,,planned,,,
468,11517,Oliver,39.4,,,planned,,,
469,3897,Gizmo,26.0,,,planned,,,
470,7752,Lola,5.4,,,planned,,,
471,4894,Katie,11.4,,,planned,,,
472,6822,Lexus,15.4,,,planned,,,
473,10251,Gunner,67.2,,,planned,,,
474,11790,Cheddar,2.28,,,planned,,,
475,7692,Mochi,14.2,,,planned,,,
476,9990,Mokey,31.2,,,planned,,,
477,8396,Hanzel,4.94,,,planned,,,
478,11471,Bane,72.4,,,planned,,,
479,6850,Cloud,70.4,,,planned,,,
480,9683,Kit Kat,10.44,,,planned,,,
481,11807,Mene Hune,17.2,,,planned,,,
482,7493,Coco,4.06,,,planned,,,
483,2721,Scout,74.0,,,planned,,,
484,10556,Ranger,56.0,,,planned,,,
485,8333,Blaire,12.31,,,planned,,,
486,10196,Miley,80.4,,,planned,,,
487,11604,Cashew,14.0,,,planned,,,
488,8409,Sadie,33.4,,,planned,,,
489,7959,Sweet Pea,8.25,,,planned,,,
490,11399,Carmela,34.4,,,planned,,,
491,9794,Molly,14.8,,,planned,,,
492,11349,Bear,47.6,,,planned,,,
493,11109,Jake,12.0,,,planned,,,
494,11592,Honey Bun,9.6,,,planned,,,
495,8618,Teddy,17.4,"215,284",Caution - Will Bite | Muzzle for Treatments,planned,,,
496,11260,Domino,22.2,,,planned,,,
497,11523,Uno,48.8,284,Muzzle for Treatments,planned,,,
498,10559,Barney,53.4,,,planned,,,
499,9843,Stowie,16.37,,,planned,,,
500,10532,Kane,93.4,,,planned,,,
501,11429,Wiley,14.4,,,planned,,,
502,10121,Simba,74.8,,,planned,,,
503,7884,Stella,48.6,284,Muzzle for Treatments,planned,,,
504,11702,Celeste,6.62,,,planned,,,
505,11212,Baxter,13.7,,,planned,,,
506,11343,Clover,39.0,"215,284",Caution - Will Bite | Muzzle for Treatments,planned,,,
507,9745,Archie,0.0,,,planned,,,
508,5144,Betsy,7.8,,,planned,,,
509,11420,Mocha,11.22,,,planned,,,
510,10638,Piccolo,65.8,,,planned,,,
511,9128,Toby Lucas,36.4,,,planned,,,
512,10524,Ash,16.28,,,planned,,,
513,11915,Star,8.19,,,planned,,,
514,7434,Lena,12.0,,,planned,,,
515,11068,Bailey,11.2,,,planned,,,
516,11800,Jamie,73.0,,,planned,,,
517,11638,Pickles,7.71,,,planned,,,
518,11929,Scruffy,19.6,,,planned,,,
519,10763,Simon,14.81,,,planned,,,
520,11600,Shadow,14.2,,,planned,,,
521,11599,Egdy,39.2,,,planned,,,
522,11565,Rose,13.56,,,planned,,,
523,4864,Penny,61.0,,,planned,,,
524,11562,Buddy,125.0,,,planned,,,
525,5346,Hagen,35.6,,,planned,,,
526,4140,Fletcher Blu,51.4,,,planned,,,
527,11745,Finley,53.2,,,planned,,,
528,11327,Bear,109.6,,,planned,,,
529,6240,Eva Rose,12.22,,,planned,,,
530,11655,Sadie,31.4,,,planned,,,
531,11009,Katie,13.72,,,planned,,,
532,9091,Mr Sister,10.19,,,planned,,,
533,6128,Rocky,74.8,,,planned,,,
534,10379,Jorgi,32.4,,,planned,,,
535,10953,Maui,56.2,,,planned,,,
536,9181,Luna,16.71,,,planned,,,
537,11507,Astrid,18.2,,,planned,,,
538,3007,Bootsy,12.4,,,planned,,,
539,4695,Lily,12.4,,,planned,,,
540,10042,Mac,75.0,,,planned,,,
541,11582,Gunner,97.8,,,planned,,,
542,11643,Marvin,0.0,,,planned,,,
543,11724,BJ Golden,62.6,,,planned,,,
544,10772,Lucy,13.8,,,planned,,,
545,11300,Nala,14.2,,,planned,,,
546,11854,Archie,12.34,,,planned,,,
547,11415,Nala,7.68,,,planned,,,
548,10361,Zero,15.37,,,planned,,,
549,11255,Lily Belle,8.2,,,planned,,,
550,10339,Nikki,20.8,,,planned,,,
551,11186,Trooper,125.0,,,planned,,,
552,9719,Luna,7.0,,,planned,,,
553,9457,Clara,16.8,,,planned,,,
554,11528,Cricket,55.0,,,planned,,,
555,5859,Tara,10.81,,,planned,,,
556,11322,Piper,38.2,,,planned,,,
557,10938,Coco,64.0,,,planned,,,
558,11793,Miah,6.0,,,planned,,,
559,8043,Rowdy,9.94,,,planned,,,
560,11263,Reece,82.0,,,planned,,,
561,11524,Mulder,60.2,,,planned,,,
562,11505,Nani,54.6,,,planned,,,
563,4936,Mochi,0.0,,,planned,,,
564,2482,Maya,12.15,,,planned,,,
565,5131,Megan (1),15.0,,,planned,,,
566,10801,Amanda,7.28,,,planned,,,
567,6840,Tux,14.72,,,planned,,,
568,8720,Cinder,8.97,,,planned,,,
569,11334,Bella,5.6,,,planned,,,
570,8017,Houdini,10.65,,,planned,,,
571,9825,Gatsby,68.4,,,planned,,,
572,11128,Milo,22.4,,,planned,,,
573,11913,Tigger,11.4,,,planned,,,
574,10075,Chloe,9.8,,,planned,,,
575,6156,Loki,94.6,,,planned,,,
576,11379,Penny,22.6,,,planned,,,
577,1427,Starry Feroza,12.59,,,planned,,,
578,10618,Dottie,9.8,,,planned,,,
579,11739,Tessie,13.2,,,planned,,,
580,11143,Cutie Pie,11.22,,,planned,,,
581,9778,Bob,5.44,,,planned,,,
582,11147,Zane,60.0,,,planned,,,
583,10739,Duke,52.6,,,planned,,,
584,10617,Daisy Mae,15.71,,,planned,,,
585,11917,Phantom,8.06,,,planned,,,
586,8385,Taya,9.6,,,planned,,,
587,10041,Geralt,78.8,,,planned,,,
588,10822,Lily,61.2,,,planned,,,
589,9487,Banjo,66.2,,,planned,,,
590,11714,Sabrina,7.97,,,planned,,,
591,10756,Rocky,16.8,,,planned,,,
592,11132,Patches,9.09,,,planned,,,
593,11206,Holly,7.88,,,planned,,,
594,11463,Sweet Pea,6.4,,,planned,,,
595,11718,Peaches,57.2,,,planned,,,
596,10356,Cracker,18.06,,,planned,,,
597,11873,Dude,8.0,,,planned,,,
598,8780,Wilson,17.8,,,planned,,,
599,10313,Shihu,8.68,,,planned,,,
600,9123,Leo,11.91,,,planned,,,
601,11273,Tiny,19.28,,,planned,,,
602,7295,Lady,27.0,,,planned,,,
603,8814,Elvis,81.2,,,planned,,,
604,11821,Steel,125.4,,,planned,,,
605,10172,Zeus,70.2,215,Caution - Will Bite,planned,,,
606,11935,Loki,0.0,,,planned,,,
607,9678,Elvis (Mugzy),32.4,,,planned,,,
608,10445,Leo,28.6,,,planned,,,
609,11421,Skully Bear,6.16,,,planned,,,
610,4126,Trumpet,7.4,,,planned,,,
611,9763,Zuko,12.91,,,planned,,,
612,11038,Kino,98.0,,,planned,,,
613,11369,Gunner O'Shea,80.2,,,planned,,,
614,8125,Butterscotch,5.09,,,planned,,,
615,11659,Lulu,10.0,,,planned,,,
616,9046,Apple Dumpling,10.2,,,planned,,,
617,11290,Bonnie,8.28,,,planned,,,
618,8589,Sassy,63.0,,,planned,,,
619,11219,Sophie,8.56,,,planned,,,
620,11404,Sweet Pea,10.53,,,planned,,,
621,11116,Ezzie,16.4,"215,284",Caution - Will Bite | Muzzle for Treatments,planned,,,
622,9520,Chyna,86.4,,,planned,,,
623,7183,Fred,54.2,,,planned,,,
624,11709,Sassy,9.4,,,planned,,,
625,10351,Oakley,98.6,,,planned,,,
626,8127,Dharma,7.62,,,planned,,,
627,7873,Skye,56.4,,,planned,,,
628,8860,Willie,19.0,,,planned,,,
629,10538,Rex,27.6,,,planned,,,
630,11763,Axel,93.6,,,planned,,,
631,11314,Snickers,8.25,,,planned,,,
632,8038,Red,98.2,,,planned,,,
633,9700,Koen,92.8,,,planned,,,
634,10078,Sadie,59.8,,,planned,,,
635,10201,Dario,11.25,,,planned,,,
636,7549,Rayne,16.0,,,planned,,,
637,2112,Diego,11.94,,,planned,,,
638,7995,Sadie,10.0,,,planned,,,
639,11313,Rocko,25.2,,,planned,,,
640,6311,Dodge,18.78,,,planned,,,
641,11806,Venus,0.0,,,planned,,,
642,11744,Toby,45.6,,,planned,,,
643,8941,Scruffy,10.2,,,planned,,,
644,9761,Abby,14.25,,,planned,,,
645,11465,Dixie,0.0,,,planned,,,
646,11788,Coco,10.6,,,planned,,,
647,11317,Liberty,61.0,215,Caution - Will Bite,planned,,,
648,9407,Doc,20.8,,,planned,,,
649,11773,Cassie,82.4,,,planned,,,
650,10555,Kodak,31.4,,,planned,,,
651,11713,Mason,11.6,,,planned,,,
652,11478,Winnie,25.2,,,planned,,,
653,2474,Logan,21.4,,,planned,,,
654,10523,Roxy,9.6,,,planned,,,
655,10014,Picaso,8.75,,,planned,,,
656,10500,Blue,82.0,,,planned,,,
657,7594,Sullivan,19.0,,,planned,,,
658,9949,Sadie,28.4,,,planned,,,
659,585,Baker,85.2,,,planned,,,
660,11373,Frank,75.8,,,planned,,,
661,4016,Lily,10.9,,,planned,,,
662,6192,Hospital Use,0.0,,,planned,,,
663,11442,Hospital Use,0.0,,,planned,,,
664,2602,Callie Mae,49.6,,,planned,,,
665,11233,Zoey,44.8,,,planned,,,
666,11337,Makayla,15.4,,,planned,,,
667,10517,Mya,13.2,,,planned,,,
668,8469,Cali,69.0,"284,209",Muzzle for Treatments | Caution - Go Slow,planned,,,
669,11559,Diesel,24.0,,,planned,,,
670,11567,Chase,19.4,,,planned,,,
671,10496,Eileen,8.12,,,planned,,,
672,11723,Crash,47.4,,,planned,,,
673,11728,Rocko Roo,82.6,,,planned,,,
674,1856,Rascal,11.6,,,planned,,,
675,10292,CC,22.2,,,planned,,,
676,11251,Richthofen,16.2,,,planned,,,
677,9663,Chloe,50.2,,,planned,,,
678,10663,Sassy,59.8,,,planned,,,
679,9592,Charlie,63.0,,,planned,,,
680,11862,Neo,64.8,,,planned,,,
681,8552,Joe Lee,9.2,284,Muzzle for Treatments,planned,,,
682,11544,Mitchie,14.12,,,planned,,,
683,11881,Maxie,11.25,,,planned,,,
684,7194,Gracie,26.2,,,planned,,,
685,11231,Buster Brown,18.4,,,planned,,,
686,11918,Gecko,45.6,,,planned,,,
687,5177,Kiora,11.2,,,planned,,,
688,10137,Allen,13.65,,,planned,,,
689,11618,Cookie,13.2,,,planned,,,
690,11664,Mina,59.8,284,Muzzle for Treatments,planned,,,
691,11482,Luca,9.6,,,planned,,,
692,10626,Jasper,13.56,,,planned,,,
693,10038,Princess,10.47,,,planned,,,
694,11234,Leela,14.8,,,planned,,,
695,11610,Papi,62.4,,,planned,,,
696,11067,Odin,63.0,,,planned,,,
697,10650,Echo,12.47,,,planned,,,
698,11905,Max,52.0,,,planned,,,
699,3987,Teensie,6.6,313,Painful,planned,,,
700,11716,Dash,7.6,,,planned,,,
701,41,Sunny,11.19,,,planned,,,
702,11004,Miss Bum,11.22,,,planned,,,
703,11898,Twister,7.5,,,planned,,,
704,6919,Ellie,89.8,215,Caution - Will Bite,planned,,,
705,1415,Jasmine,13.12,,,planned,,,
706,11852,Burton,37.6,,,planned,,,
707,8761,Ms. Shadow,9.91,,,planned,,,
708,11811,Azula,0.0,,,planned,,,
709,10324,Bootsie,16.5,,,planned,,,
710,8355,Bug,4.56,284,Muzzle for Treatments,planned,,,
711,11137,Ceasar,16.6,,,planned,,,
712,9944,Jo Jo,12.6,,,planned,,,
713,11741,Ace,30.2,,,planned,,,
714,11207,Doug,23.8,,,planned,,,
715,11315,Jaxon,138.2,,,planned,,,
716,10136,Harley,18.8,,,planned,,,
717,7912,Peanut,10.2,,,planned,,,
718,11899,Cooper,14.2,,,planned,,,
719,11045,Sawyer,21.4,,,planned,,,
720,3048,Gracie,12.56,,,planned,,,
721,11612,Rocky,8.12,,,planned,,,
722,9315,Buddy,27.0,,,planned,,,
723,9425,Roxy,15.68,,,planned,,,
724,7795,Sultan,99.6,200,Cat Aggressive,planned,,,
725,11759,Storm,39.0,,,planned,,,
726,11025,Piffy,6.75,,,planned,,,
727,6034,Becky,39.8,,,planned,,,
728,11816,Sassy,0.0,,,planned,,,
729,10819,Bam Bam,62.4,,,planned,,,
730,10049,Kilo,57.8,,,planned,,,
731,11483,Stormy,0.53,,,planned,,,
732,11768,Ava,10.7,,,planned,,,
733,11332,Bandit,14.8,,,planned,,,
734,11911,Teddy,15.0,,,planned,,,
735,11934,Draco,74.4,,,planned,,,
736,9352,Shadow,9.67,,,planned,,,
737,11844,Bob,15.34,,,planned,,,
738,10480,Enzo,22.4,,,planned,,,
739,11679,Leonard,11.34,,,planned,,,
740,11529,Lemone,27.6,,,planned,,,
741,6308,Precious,9.6,,,planned,,,
742,11195,Sage,0.0,,,planned,,,
743,11261,Chestnut,9.4,,,planned,,,
744,10977,Fiona,13.62,,,planned,,,
745,7792,Angel,54.6,,,planned,,,
746,7979,Betty Jo,13.6,,,planned,,,
747,11676,Theo,8.75,,,planned,,,
748,11527,Yogi,22.0,,,planned,,,
749,9136,Jetty,13.0,,,planned,,,
750,10393,Mylo,23.8,,,planned,,,
751,8986,Lightning,41.0,,,planned,,,
752,11513,Rory,7.84,,,planned,,,
753,11779,Missy,7.59,,,planned,,,
754,6317,Jake,90.0,,,planned,,,
755,4971,Gracie,13.44,,,planned,,,
756,9000,Mutley,23.8,284,Muzzle for Treatments,planned,,,
757,7499,Angel,4.88,,,planned,,,
758,10267,Rose,12.6,,,planned,,,
759,11624,Sally,21.6,,,planned,,,
760,11221,Olive,11.94,,,planned,,,
761,1925,Lucky,17.0,,,planned,,,
762,7573,Rosie (Alaska),62.8,,,planned,,,
763,10887,Ariat,124.6,,,planned,,,
764,11295,Gus,70.0,,,planned,,,
765,10499,Teddy,29.0,,,planned,,,
766,10058,Sookie,43.4,,,planned,,,
767,10472,Lilly,75.0,,,planned,,,
768,9996,Crew,101.8,,,planned,,,
769,7703,Bark,28.8,,,planned,,,
770,7283,Coco,12.0,"284,209",Muzzle for Treatments | Caution - Go Slow,planned,,,
771,11525,Max,57.6,,,planned,,,
772,11407,Pal,12.6,,,planned,,,
773,10839,Cj,29.4,,,planned,,,
774,11636,Elouise,31.0,,,planned,,,
775,11454,Sophie,0.0,,,planned,,,
776,10701,Bunny,15.0,,,planned,,,
777,11560,Sherman,5.71,,,planned,,,
778,10215,Maisie,19.8,,,planned,,,
779,10300,Fred,15.0,,,planned,,,
780,6811,Tank,17.4,284,Muzzle for Treatments,planned,,,
781,11014,Bohdi,62.8,,,planned,,,
782,11381,Lola,55.6,,,planned,,,
783,7000,Teddy,19.8,284,Muzzle for Treatments,planned,,,
784,4640,Belle,8.94,,,planned,,,
785,10010,Wicket,13.2,,,planned,,,
786,10623,Miley,8.8,,,planned,,,
787,6336,Abbie,14.47,,,planned,,,
788,1951,Koda,44.8,,,planned,,,
789,11922,Cylis,23.06,,,planned,,,
790,11475,Marley,11.6,,,planned,,,
791,10114,Freya,6.59,,,planned,,,
792,739,Hope (Keanu),10.28,,,planned,,,
793,5475,Brandy,12.2,,,planned,,,
794,11054,Bailey,13.2,,,planned,,,
795,8777,Molly,45.6,,,planned,,,
796,9819,Huck,69.4,284,Muzzle for Treatments,planned,,,
797,8321,Dennis,11.2,,,planned,,,
798,11551,Athena,49.8,215,Caution - Will Bite,planned,,,
799,11733,Peanut,11.28,,,planned,,,
800,10902,Dewy,14.19,,,planned,,,
801,11534,Bocci,0.0,,,planned,,,
802,8932,Sparky,22.4,,,planned,,,
803,11824,Clara,67.6,,,planned,,,
804,10634,Poppy,29.2,,,planned,,,
805,11692,Max,18.07,,,planned,,,
806,11046,Sophie,40.8,,,planned,,,
807,10728,Ipo,13.0,,,planned,,,
808,8909,Hospital Use,0.0,,,planned,,,
809,10372,Ripley,68.2,,,planned,,,
810,11649,Luna,25.6,,,planned,,,
811,8825,Bets,5.16,,,planned,,,
812,11208,Maizy,26.8,,,planned,,,
813,10140,Mocha,7.71,,,planned,,,
814,11451,Zoey,0.0,,,planned,,,
815,6477,Ollie,73.6,,,planned,,,
816,11225,Mack,84.4,,,planned,,,
817,7471,Nigella,11.44,,,planned,,,
818,11780,Zoey,17.0,,,planned,,,
819,11575,Bruno,80.8,,,planned,,,
820,10770,JJ,28.0,,,planned,,,
821,11072,Moose,77.0,215,Caution - Will Bite,planned,,,
822,11667,Roxy,33.8,,,planned,,,
823,10001,Grace,51.8,,,planned,,,
824,9834,Sammy,9.4,,,planned,,,
825,7980,Tilly,16.34,215,Caution - Will Bite,planned,,,
826,9345,Waffles,60.8,,,planned,,,
827,11441,Marley,57.4,,,planned,,,
828,7301,Blitzen,34.4,,,planned,,,
829,10886,Bammer,5.22,,,planned,,,
830,4648,Vader,19.0,,,planned,,,
831,10528,Luna,9.22,,,planned,,,
832,10535,Dixon,54.2,,,planned,,,
833,11549,Baby Cat,11.88,,,planned,,,
834,4490,Colby,19.09,,,planned,,,
835,9311,Snoopy,16.4,,,planned,,,
836,11397,Bear,84.0,,,planned,,,
837,7202,Grace,12.81,,,planned,,,
838,4559,Molly,61.6,,,planned,,,
839,11914,Daisy,12.8,,,planned,,,
840,9339,Kelsie,26.6,,,planned,,,
841,11703,Babygirl,17.4,,,planned,,,
842,696,Barney # 2,16.62,,,planned,,,
843,11066,Obi,77.8,,,planned,,,
844,11566,Seamus,13.4,,,planned,,,
845,11711,Ramona,78.8,,,planned,,,
846,7334,Gracie,33.6,,,planned,,,
847,11096,Atticus,57.8,,,planned,,,
848,10432,Milo,18.6,,,planned,,,
849,11353,Chico,42.4,,,planned,,,
850,10083,Finn,47.0,,,planned,,,
851,8148,Jack,20.53,,,planned,,,
852,10205,Munchkin,15.47,,,planned,,,
853,11633,Cooper,65.0,,,planned,,,
854,11896,Coco,34.0,,,planned,,,
855,11853,Taffy,9.2,,,planned,,,
856,10257,Weechee,12.6,,,planned,,,
857,9651,Regis,11.8,,,planned,,,
858,10907,Sidney,65.4,,,planned,,,
859,10321,Fynn,17.2,,,planned,,,
860,11464,Pandi,0.0,,,planned,,,
861,10979,Marshall,76.2,,,planned,,,
862,11331,Alice,70.6,,,planned,,,
863,11509,Daisy,47.8,,,planned,,,
864,11722,Nala,122.0,"215,284",Caution - Will Bite | Muzzle for Treatments,planned,,,
865,11652,Salem,16.25,,,planned,,,
866,9869,Nala,30.2,,,planned,,,
867,11574,Mr Kitty,11.78,,,planned,,,
868,11016,Polo,11.2,,,planned,,,
869,10642,Mr. Happy,10.8,,,planned,,,
870,11497,Bean,0.0,,,planned,,,
871,10017,Luna,63.4,,,planned,,,
872,11874,Luka,0.0,,,planned,,,
873,11155,Sapphire,8.0,,,planned,,,
874,2298,Fanci 02,10.2,,,planned,,,
875,11607,Cali K,9.8,,,planned,,,
876,6229,Supply,0.0,,,planned,,,
877,8569,Benny,10.0,,,planned,,,
878,10767,Louise,17.97,,,planned,,,
879,2130,Pooh,25.6,,,planned,,,
880,11820,Kiwi,23.8,,,planned,,,
881,11518,Wallace,23.0,,,planned,,,
882,6565,Tucker,56.2,,,planned,,,
883,11400,Maddie,24.2,,,planned,,,
884,11581,Opal,10.2,,,planned,,,
885,4946,Sophia,16.0,,,planned,,,
886,11639,Sachi,6.0,,,planned,,,
887,9117,Brody,88.2,,,planned,,,
888,10138,Kilo,76.4,,,planned,,,
889,11197,Nikie,84.0,,,planned,,,
890,9660,Sam (Tux),11.09,,,planned,,,
891,11819,Lite,7.75,,,planned,,,
892,11167,Bucky,15.8,,,planned,,,
893,10649,Pepper,88.4,284,Muzzle for Treatments,planned,,,
894,1880,Panda,16.59,,,planned,,,
895,11325,Echo,8.16,,,planned,,,
896,3378,Bear,21.0,,,planned,,,
897,11318,Pete,36.2,,,planned,,,
898,2796,Emma,22.0,,,planned,,,
899,9386,Teddy,19.6,,,planned,,,
900,11699,Luna,0.0,,,planned,,,
901,10802,Allison,13.0,,,planned,,,
902,11590,Tails,11.37,,,planned,,,
903,11023,Yellow Cat,12.71,,,planned,,,
904,11474,Stella,44.2,,,planned,,,
905,11485,Pluto,11.25,262,Heart Murmur,planned,,,
906,10769,Paco,23.6,,,planned,,,
907,11828,Chile,4.8,,,planned,,,
908,11776,Harvey,14.62,,,planned,,,
909,11848,Missy,8.6,,,planned,,,
910,5884,Penny Lane,12.4,,,planned,,,
911,6561,Ziggy,46.2,,,planned,,,
912,9658,Roddy,12.6,,,planned,,,
913,10836,Denali,77.6,,,planned,,,
914,10328,Cali,67.8,,,planned,,,
915,11427,Layla,69.8,,,planned,,,
916,7780,Hank,149.2,,,planned,,,
917,11491,Taz,71.8,"215,284",Caution - Will Bite | Muzzle for Treatments,planned,,,
918,11280,Peaches,48.8,,,planned,,,
919,11240,Mando,28.2,,,planned,,,
920,11902,Jello,14.44,,,planned,,,
921,7298,Daisy,56.0,,,planned,,,
922,10120,Kiekee,30.8,,,planned,,,
923,11271,Tucker,106.0,,,planned,,,
924,9756,Reina,10.4,,,planned,,,
925,9023,Weeze,14.68,"215,226",Caution - Will Bite | Diabetic,planned,,,
926,11696,Luna,70.4,,,planned,,,
927,9295,Maddie,11.4,,,planned,,,
928,11734,Bean,79.6,,,planned,,,
929,9160,Prince,103.0,"215,284,214",Caution - Will Bite | Muzzle for Treatments | Caution - Unpredictable,planned,,,
930,11160,Porter Kain,71.6,,,planned,,,
931,11526,Tortie,6.47,,,planned,,,
932,11422,Kinzie,0.0,,,planned,,,
933,11903,Echo,7.19,,,planned,,,
934,10661,Stella,9.8,,,planned,,,
935,11402,Budey,55.4,,,planned,,,
936,11561,Midnight,6.53,,,planned,,,
937,7516,Izzy,17.0,284,Muzzle for Treatments,planned,,,
938,10969,Snickers,12.38,,,planned,,,
939,11182,Mia,7.88,,,planned,,,
940,10882,Shadow,6.8,,,planned,,,
941,4832,Bonnie,70.2,,,planned,,,
942,11017,Shauna,11.34,,,planned,,,
943,9446,Putney,15.44,,,planned,,,
944,11727,Lola,0.0,,,planned,,,
945,11870,Oscar,13.4,,,planned,,,
946,5373,Cam,16.2,,,planned,,,
947,10995,Rex,103.0,,,planned,,,
948,10386,Cooper,87.8,,,planned,,,
949,10579,Lola,58.4,,,planned,,,
950,3929,Aunt B,11.8,,,planned,,,
951,11677,Dixie,57.0,,,planned,,,
952,11571,Max,14.4,,,planned,,,
953,11125,Guppie,44.4,,,planned,,,
954,11778,Trigger,26.2,,,planned,,,
955,11105,Lena,31.2,,,planned,,,
956,11269,Tiny,10.0,,,planned,,,
957,11100,Daisy,11.8,,,planned,,,
958,8700,Poof,14.88,,,planned,,,
959,9692,Pumpkin,3.47,,,planned,,,
960,7748,Maximilian,8.2,,,planned,,,
961,10174,Bella,60.6,,,planned,,,
962,11302,Sylvie,9.2,,,planned,,,
963,8692,Mason,15.25,,,planned,,,
964,11552,Chip,15.6,,,planned,,,
965,1142,Sophie,9.0,,,planned,,,
966,6350,Chanille (#2),14.2,,,planned,,,
967,8234,Pippin,12.68,,,planned,,,
968,9430,Bruce,56.6,,,planned,,,
969,11725,Buffy,6.75,,,planned,,,
970,8023,Simon,65.2,,,planned,,,
971,10898,Buck,69.8,,,planned,,,
972,6105,Copper Mathew,59.6,,,planned,,,
973,10853,Buttercup,11.2,284,Muzzle for Treatments,planned,,,
974,4672,Sandy,13.0,,,planned,,,
975,11798,Levi,5.71,,,planned,,,
976,1480,Dixie,8.6,,,planned,,,
977,10481,Bella,65.0,,,planned,,,
978,10247,Marty,141.0,,,planned,,,
979,8077,Chewy,18.4,,,planned,,,
980,11641,Arrow,14.12,,,planned,,,
981,11931,Molly,81.0,,,planned,,,
982,5010,Daisy,10.2,,,planned,,,
983,11690,Buddy,80.6,,,planned,,,
984,10023,Simba,10.25,,,planned,,,
985,11458,Eden,31.8,,,planned,,,
986,11347,Spice,13.37,,,planned,,,
987,11312,Tucker,58.4,,,planned,,,
988,11028,Layla,11.81,,,planned,,,
989,8147,Buckeye,81.2,,,planned,,,
990,11259,Perlita,23.4,,,planned,,,
991,11316,MacKenzie,73.4,284,Muzzle for Treatments,planned,,,
992,2646,Gunner,69.8,,,planned,,,
993,11319,Pudgy,9.44,,,planned,,,
994,8357,Little mama,5.97,,,planned,,,
995,10037,Luna,8.65,,,planned,,,
996,7394,Dream Katcher,41.8,,,planned,,,
997,5694,Mable,8.6,,,planned,,,
998,10209,Charlie,12.15,215,Caution - Will Bite,planned,,,
999,11708,Roxy,13.4,,,planned,,,
1000,11365,Abby,12.2,,,planned,,,
1001,11266,Lucy,0.0,,,planned,,,
1002,3695,Sweetie,11.4,,,planned,,,
1003,11657,Brie,11.6,,,planned,,,
1004,4332,Sofie,13.6,,,planned,,,
1005,6389,Leo,60.2,,,planned,,,
1006,6087,Sage,74.8,,,planned,,,
1007,9212,Cinder,15.65,,,planned,,,
1008,10872,Bella,21.6,,,planned,,,
1009,11503,Vigo,4.6,,,planned,,,
1010,10965,Phoebe,42.6,,,planned,,,
1011,10252,Leon,10.09,,,planned,,,
1012,11910,Boca,18.0,,,planned,,,
1013,11645,Zoey,7.0,,,planned,,,
1014,9657,Chance,13.8,,,planned,,,
1015,7675,Max,10.4,284,Muzzle for Treatments,planned,,,
1016,11546,Little Bit,27.6,,,planned,,,
1017,11871,Kinzie Mae,64.4,,,planned,,,
1018,11139,Miss Kitty,20.28,,,planned,,,
1019,11258,Whisper,15.8,,,planned,,,
1020,11232,Duke,11.6,,,planned,,,
1021,11304,Daisy (#2),10.28,,,planned,,,
1022,5924,River,64.4,,,planned,,,
1023,6482,Sparky,24.4,,,planned,,,
1024,11730,Maple,28.6,,,planned,,,
1025,8958,Ozzie,7.31,,,planned,,,
1026,6097,Shetty,0.0,,,planned,,,
1027,11385,Maggie,65.2,,,planned,,,
1028,9619,Sadie Lee,92.2,,,planned,,,
1029,932,Lilly,8.59,,,planned,,,
1030,11131,Calvin,15.06,,,planned,,,
1031,6685,Cali,14.78,,,planned,,,
1032,7078,Sheba,6.4,,,planned,,,
1033,11884,Skylar,58.4,,,planned,,,
1034,11710,Milo,5.0,,,planned,,,
1035,9238,Kiara,16.8,,,planned,,,
1036,11200,Cinder,11.6,,,planned,,,
1037,8949,D'ziel,84.0,,,planned,,,
1038,10315,Aries,79.6,,,planned,,,
1039,2191,Alex,66.4,,,planned,,,
1040,5401,Princess,30.6,,,planned,,,
1041,7404,Polly,14.4,,,planned,,,
1042,5600,Tommy,8.19,,,planned,,,
1043,6154,Baby,10.88,,,planned,,,
1044,9769,AJ,7.65,,,planned,,,
1045,10402,Pieck,14.12,,,planned,,,
1046,11191,Chico,5.47,,,planned,,,
1047,9775,Scruffy,8.5,,,planned,,,
1048,11878,Ember,0.0,,,planned,,,
1049,10694,Lexi,14.4,,,planned,,,
1050,6611,Coal,6.68,,,planned,,,
1051,11383,Bella,25.0,,,planned,,,
1052,4546,Tara,11.0,,,planned,,,
1053,9919,Jasmine,13.81,,,planned,,,
1054,6194,Draco (Kai),67.0,,,planned,,,
1055,11340,Elliott,11.4,,,planned,,,
1056,11141,Seymour,12.0,,,planned,,,
1057,10815,Reina,9.4,192,Blind,planned,,,
1058,8834,Cookie,14.71,,,planned,,,
1059,8901,Zoe,43.2,,,planned,,,
1060,9638,Pebbles,9.65,,,planned,,,
1061,9728,Emmie,11.6,,,planned,,,
1062,1305,Abby,12.2,,,planned,,,
1063,11330,Millie,10.97,,,planned,,,
1064,10454,Toby,15.0,,,planned,,,
1065,11635,Max,26.8,,,planned,,,
1066,10290,Max,12.84,,,planned,,,
1067,11826,Xena,53.6,,,planned,,,
1068,8938,Abby,8.0,,,planned,,,
1069,5853,Tucker,70.4,,,planned,,,
1070,8904,Cole,96.0,,,planned,,,
1071,11756,Zoey,0.0,,,planned,,,
1072,11084,Roxy,26.8,,,planned,,,
1073,11550,Tipper,9.8,,,planned,,,
1074,8353,Max,12.16,,,planned,,,
1075,11214,Oakley,12.8,,,planned,,,
1076,11678,Gilligan,26.2,,,planned,,,
1077,9934,Rocko,84.0,,,planned,,,
1078,11070,Bella,72.2,,,planned,,,
1079,8534,Harper,49.2,,,planned,,,
1080,2653,G.G.,52.6,,,planned,,,
1081,5726,Bentley,14.4,,,planned,,,
1082,244,Gizmo,10.0,,,planned,,,
1083,11264,Kandy Kane,66.0,,,planned,,,
1084,10687,Lolly,61.0,,,planned,,,
1085,11416,Clarice,9.34,,,planned,,,
1086,10928,Juno,83.6,,,planned,,,
1087,11647,Copper,91.8,,,planned,,,
1088,6999,Lady,26.0,215,Caution - Will Bite,planned,,,
1089,9986,Chief,95.6,,,planned,,,
1090,11752,Minnie,26.4,,,planned,,,
1091,9653,Phat Boy,61.2,,,planned,,,
1092,10897,TJ,15.0,,,planned,,,
1093,10949,Percy,15.0,,,planned,,,
1094,11919,Bingo,27.4,,,planned,,,
1095,10970,Nila,11.16,,,planned,,,
1096,11440,Princess,9.2,,,planned,,,
1097,11236,Killer,13.2,,,planned,,,
1098,11486,Dumpling,4.28,,,planned,,,
1099,11616,Nami,13.8,,,planned,,,
1100,6450,Mango,9.31,,,planned,,,
1101,11688,Maya,72.8,,,planned,,,
1102,11859,Bellatrix,54.2,,,planned,,,
1103,10959,Missy,9.44,,,planned,,,
1104,10473,Finn,74.0,,,planned,,,
1105,11685,Madox,12.0,,,planned,,,
1106,11632,Belle,25.4,,,planned,,,
1107,7794,Bella,52.0,235,Dog Aggressive,planned,,,
1108,11134,Missy,23.0,192,Blind,planned,,,
1109,11171,Lily,16.6,,,planned,,,
1110,3143,Phoebe,6.75,,,planned,,,
1111,8910,Gator,13.16,,,planned,,,
1112,10804,Bentley,43.6,,,planned,,,
1113,9313,Midnight,8.8,215,Caution - Will Bite,planned,,,
1114,8113,Roxie,27.0,,,planned,,,
1115,10284,Georgie,12.0,,,planned,,,
1116,8929,Chloe,59.4,,,planned,,,
1117,5504,Dakota,48.4,,,planned,,,
1118,10286,Daisy,57.0,,,planned,,,
1119,11220,Sasha,71.2,,,planned,,,
1120,7970,Bella,5.31,,,planned,,,
1121,8725,Aria (2),48.0,,,planned,,,
1122,11294,Fiona,24.2,,,planned,,,
1123,11673,Tutu,9.0,,,planned,,,
1124,7292,Tallulah,17.0,,,planned,,,
1125,11601,Lyra,0.0,,,planned,,,
1126,10891,King,43.6,,,planned,,,
1127,9066,Cookie,48.8,"215,284",Caution - Will Bite | Muzzle for Treatments,planned,,,
1128,10910,Lucy,11.28,,,planned,,,
1129,10475,Milo,84.2,,,planned,,,
1130,10255,Chewy,29.4,,,planned,,,
1131,7964,Peanut,45.2,,,planned,,,
1132,11545,Prince,11.62,,,planned,,,
1133,11356,John,11.6,,,planned,,,
1134,10019,Shimmer,51.0,200,Cat Aggressive,planned,,,
1135,11890,Kitty,6.71,,,planned,,,
1136,9694,Bo,54.6,,,planned,,,
1137,11735,Bella,0.0,,,planned,,,
1138,8548,Sophia,61.8,,,planned,,,
1139,11585,Jessie,17.6,,,planned,,,
1140,11389,Clyde,28.0,,,planned,,,
1141,11335,Shalamar,10.71,,,planned,,,
1142,8481,Wickett,12.6,,,planned,,,
1143,11413,Bailey,0.0,,,planned,,,
1144,11591,Draco,54.2,,,planned,,,
1145,11156,Cheese,11.22,,,planned,,,
1146,11598,Mewmew,10.34,,,planned,,,
1147,1413,Sam,27.4,,,planned,,,
1148,6570,Atreus,78.8,235,Dog Aggressive,planned,,,
1149,11812,Josie,62.6,,,planned,,,
1150,11248,Nala,15.4,,,planned,,,
1151,11813,Chief,52.0,,,planned,,,
1152,9741,Milo,19.0,,,planned,,,
1153,11656,Yoda,17.0,,,planned,,,
1154,11761,Negan,94.0,,,planned,,,
1155,4833,Daisy,13.62,,,planned,,,
1156,11311,Diesel,0.0,,,planned,,,
1157,11468,Misty,10.8,,,planned,,,
1158,9599,Copper,70.6,,,planned,,,
1159,2907,Pepper,5.0,"215,284",Caution - Will Bite | Muzzle for Treatments,planned,,,
1160,11603,Rugar,9.6,,,planned,,,
1161,5966,Bubba,23.4,,,planned,,,
1162,11721,Tauriel,3.16,,,planned,,,
1163,10998,Tank,88.4,"215,284",Caution - Will Bite | Muzzle for Treatments,planned,,,
1164,11270,Jax,11.8,,,planned,,,
1165,9966,Hank,19.6,,,planned,,,
1166,11753,Sherman,77.0,,,planned,,,
1167,11927,Beans,11.81,,,planned,,,
1168,11648,Jessie,21.8,,,planned,,,
1169,10962,Chase,8.81,,,planned,,,
1170,11377,Lazlo,56.4,,,planned,,,
1171,7253,Trixie,31.6,,,planned,,,
1172,6547,Buddie,19.25,,,planned,,,
1173,9677,Frisky,23.2,,,planned,,,
1174,11268,Suzie Q,7.0,,,planned,,,
1175,11894,Sativa,7.88,,,planned,,,
1176,9062,Lola,4.71,,,planned,,,
1177,11223,Louie,0.0,,,planned,,,
1178,11044,Rosebud,8.0,,,planned,,,
1179,7538,Doc,15.2,,,planned,,,
1180,5941,Buddy,69.8,,,planned,,,
1181,6821,Rudy,93.2,,,planned,,,
1182,9977,Sam,9.4,,,planned,,,
1183,10686,Rusty,9.68,,,planned,,,
1184,9732,Charlie Moose,79.0,,,planned,,,
1185,11836,Anna,68.0,,,planned,,,
1186,11226,Willow,19.8,,,planned,,,
1187,11609,Nala,26.4,,,planned,,,
1188,1198,Mia,12.91,,,planned,,,
1189,10469,Noah,65.4,,,planned,,,
1190,11425,Bella,9.19,,,planned,,,
1191,6056,Lily (Kiwi),13.78,,,planned,,,
1192,8848,Hunter,3.2,,,planned,,,
1193,10730,Bear,45.4,,,planned,,,
1194,11079,Lilly,9.84,215,Caution - Will Bite,planned,,,
1195,11366,Lily,6.2,,,planned,,,
1196,5766,Sugar,0.0,,,planned,,,
1197,11077,Athena,10.19,,,planned,,,
1198,10457,Boo Bear,0.0,,,planned,,,
1199,8919,Athena,57.2,235,Dog Aggressive,planned,,,
1200,10548,Hershey,31.4,,,planned,,,
1201,10963,Peanut,12.4,,,planned,,,
1202,9770,Smokie,10.78,,,planned,,,
1203,11368,Pancake,9.34,,,planned,,,
1204,11467,Amos,104.6,,,planned,,,
1205,11536,Apollo,88.0,,,planned,,,
1206,11506,Aemond,5.91,,,planned,,,
1207,11587,Lucy,7.84,,,planned,,,
1208,9583,Edna,67.4,,,planned,,,
1209,11516,Benny,22.6,,,planned,,,
1210,10796,Ruby,9.8,,,planned,,,
1211,11930,Teddy,15.0,,,planned,,,
1212,6968,Lola,14.28,,,planned,,,
1213,11568,Jasper,9.78,,,planned,,,
1214,10547,Buster,12.8,,,planned,,,
1215,11229,Shooter,20.6,,,planned,,,
1216,11165,Pearl,7.62,,,planned,,,
1217,7213,Sophia,4.95,,,planned,,,
1218,11252,Lulu,6.53,,,planned,,,
1219,4261,June,53.8,,,planned,,,
1220,11080,Chance,47.2,,,planned,,,
1221,11597,Maia,11.65,,,planned,,,
1222,4449,Scarlet,8.88,,,planned,,,
1223,11787,King,80.0,284,Muzzle for Treatments,planned,,,
1224,11401,Ash,0.0,,,planned,,,
1225,11262,Oliver,9.35,,,planned,,,
1226,3833,Stella,10.47,,,planned,,,
1227,11522,Bishop,52.0,,,planned,,,
1228,10706,Pepper,17.8,,,planned,,,
1229,11417,Miss Mew,12.31,,,planned,,,
1230,11308,Xena,19.2,,,planned,,,
1231,11406,Phillip,15.4,,,planned,,,
1232,11444,Tito,9.75,,,planned,,,
1233,9563,Max,16.2,,,planned,,,
1234,11866,Chulis,29.0,,,planned,,,
1235,11849,Kylo,29.6,,,planned,,,
1236,10718,Minevra,41.4,,,planned,,,
1237,10479,Yeti,31.8,,,planned,,,
1238,9746,Gizmo,24.8,,,planned,,,
1239,11700,Cody,12.0,,,planned,,,
1240,10306,Waylon,14.6,,,planned,,,
1241,8035,Solly,82.4,,,planned,,,
1242,11384,Indie,20.0,,,planned,,,
1243,11933,Max,11.28,,,planned,,,
1244,10005,Honey,48.6,,,planned,,,
1245,9742,Phoebe,7.12,,,planned,,,
1246,4306,July,13.62,,,planned,,,
1247,9603,Dutchess,75.2,,,planned,,,
1248,8719,Harley,22.8,,,planned,,,
1249,11127,George,32.8,,,planned,,,
1250,1040,Marley Faith,105.8,,,planned,,,
1251,5423,Jaymus,9.4,,,planned,,,
1252,11577,Willow,8.28,,,planned,,,
1253,5462,Cooper,50.4,,,planned,,,
1254,7571,Cleary,11.2,,,planned,,,
1255,6632,Spot,12.8,215,Caution - Will Bite,planned,,,
1256,11090,Lambeau,68.0,,,planned,,,
1257,11419,Roger,75.2,,,planned,,,
1258,11022,Apollo,88.0,,,planned,,,
1259,11686,Zeus,63.8,,,planned,,,
1260,8982,Zeke,81.8,,,planned,,,
1261,11693,Chewie,118.0,,,planned,,,
1262,10879,Max,10.59,,,planned,,,
1263,6701,Winston,19.4,,,planned,,,
1264,10952,Choy,8.06,,,planned,,,
1265,9274,Buster,10.8,,,planned,,,
1266,3836,Ginger,50.4,,,planned,,,
1267,11653,Dixie,81.0,,,planned,,,
1268,11897,Mia,6.44,,,planned,,,
1269,7054,Chloe,7.6,,,planned,,,
1270,11615,Noah,15.0,,,planned,,,
1271,11732,Griffin,69.0,,,planned,,,
1272,7237,Mah,61.4,215,Caution - Will Bite,planned,,,
1273,11241,Bob Barker,63.6,,,planned,,,
1274,11123,Divi,14.12,,,planned,,,
1275,9120,Auggie Doggie,18.6,192,Blind,planned,,,
1276,6873,Busy,33.8,,,planned,,,
1277,10577,Copper,21.0,,,planned,,,
1278,9221,Lady,20.0,,,planned,,,
1279,10837,Roxy,34.2,,,planned,,,
1280,10719,Luna,38.6,,,planned,,,
1281,6464,Martin,65.4,,,planned,,,
1282,11537,Tucker,16.8,,,planned,,,
1283,9301,Sophie,45.6,,,planned,,,
1284,5071,Skittles,4.81,,,planned,,,
1285,6250,Smokey,0.0,,,planned,,,
1286,8325,Jaws,44.6,,,planned,,,
1287,7276,Otter,43.6,291,No Jugular Sticks,planned,,,
1288,11743,George,13.59,,,planned,,,
1289,11867,Riley,12.0,,,planned,,,
1290,11841,Binx,16.0,,,planned,,,
1291,11623,Milo,5.75,,,planned,,,
1292,10783,Diamond,0.0,,,planned,,,
1293,11447,Abigale,7.2,,,planned,,,
1294,9462,Leia,9.71,,,planned,,,
1295,11622,Cricket,8.63,,,planned,,,
1296,11209,Annie,50.0,,,planned,,,
1297,11452,Bentley,15.6,,,planned,,,
1298,9713,Oscar,29.6,,,planned,,,
1299,11481,Harley,17.4,,,planned,,,
1300,968,Leia,71.6,,,planned,,,
1301,11278,JB,10.16,,,planned,,,
1302,11694,Tabitha,6.16,,,planned,,,
1303,9579,Kreepy,15.5,,,planned,,,
1304,10865,Opie,25.2,,,planned,,,
1305,153,Olive,11.6,,,planned,,,
1306,7927,Lana,60.2,,,planned,,,
1307,11925,Mia,39.8,,,planned,,,
1308,10766,Monique,5.8,,,planned,,,
1309,11051,Gandalph,7.22,,,planned,,,
1310,7027,Jeb,53.4,,,planned,,,
1311,11792,Gus,160.4,,,planned,,,
1312,6104,Zada,10.88,,,planned,,,
1313,11808,Bella,8.0,,,planned,,,
1314,10016,Chedda,47.0,,,planned,,,
1315,8651,Missy,5.88,,,planned,,,
1316,11879,Moana,12.6,,,planned,,,
1317,11541,Gizzy,10.62,,,planned,,,
1318,11602,Kona,70.2,,,planned,,,
1319,10848,Missy,12.4,,,planned,,,
1320,11469,k-May,50.6,,,planned,,,
1321,6678,Stella,18.2,,,planned,,,
1322,11346,Petey,78.8,,,planned,,,
1323,11809,Frank,52.6,,,planned,,,
1324,11554,Layla,10.09,,,planned,,,
1325,6680,Zoe,34.6,,,planned,,,
1326,11217,Chico,6.0,,,planned,,,
1327,11738,Moose,100.8,,,planned,,,
1328,11583,Maya,46.8,,,planned,,,
1329,9621,Linus,14.25,,,planned,,,
1330,9870,Lexie Marie,16.6,,,planned,,,
1331,11771,Bluhd Lavulo,16.62,,,planned,,,
1332,11101,Flounder,11.5,,,planned,,,
1333,11015,Shadow,43.2,,,planned,,,
1334,8349,Paco,9.0,,,planned,,,
1335,9002,Kayla,70.8,,,planned,,,
1336,7602,Joy,83.0,,,planned,,,
1337,10603,Samuel Irelan,58.8,,,planned,,,
1338,3508,Bailey,72.4,,,planned,,,
1339,8978,Sadie,69.2,,,planned,,,
1340,10740,Cooper Bentley,45.2,,,planned,,,
1341,11350,Polterkitty,13.62,,,planned,,,
1342,11746,Rubi,11.8,,,planned,,,
1343,11928,Silver,10.94,,,planned,,,
1344,11371,Teddy,27.0,,,planned,,,
1345,10635,Helen Keller,46.0,225,Deaf,planned,,,
1346,10637,Jade Pistol,64.2,,,planned,,,
1347,11282,Jasper,23.6,,,planned,,,
1348,11701,Biscuit,61.0,,,planned,,,
1349,10606,Murdock,68.0,,,planned,,,
1350,7664,Zoe,85.0,,,planned,,,
1351,8169,Marley,25.8,,,planned,,,
1352,11531,Bailey,25.2,,,planned,,,
1353,11250,Max,16.6,,,planned,,,
1354,8343,Dobby,82.4,,,planned,,,
1355,11650,Dolly,37.0,,,planned,,,
1356,9960,Freya,87.8,,,planned,,,
1357,11285,Rico,11.2,,,planned,,,
1358,10533,Faith,24.8,,,planned,,,
1359,11660,Lucy,106.6,,,planned,,,
1360,11450,Nacho,13.2,,,planned,,,
1361,11320,Moose,42.6,,,planned,,,
1362,11661,Maggie Sue,9.22,,,planned,,,
1363,9278,Mini,10.6,,,planned,,,
1364,11021,Bijou,7.8,,,planned,,,
1365,11625,Caspar AKA Cass,0.0,,,planned,,,
1366,10941,Gibblet,64.0,,,planned,,,
1367,8130,Dagny,10.94,,,planned,,,
1368,9303,Sabrina,72.0,,,planned,,,
1369,11448,Gizmo,10.2,,,planned,,,
1370,11192,Pelia,10.59,,,planned,,,
1371,9483,Shelby,57.4,,,planned,,,
1372,10759,Tito,8.2,,,planned,,,
1373,10221,Dewey,12.31,,,planned,,,
1374,11923,Merle,104.2,,,planned,,,
1375,10097,Leo,26.4,,,planned,,,
1376,7919,Lily,13.88,,,planned,,,
1377,7566,Luna,7.47,,,planned,,,
1378,10570,Willow,52.4,,,planned,,,
1379,5592,Luna,9.06,,,planned,,,
1380,5977,Kiki,16.94,,,planned,,,
1381,11672,Piper,9.4,,,planned,,,
1382,7837,Natalie (3),13.0,291,No Jugular Sticks,planned,,,
1383,11764,Sasha,72.0,,,planned,,,
1384,11166,Sugar,56.4,,,planned,,,
1385,10888,Khaleesi,80.6,,,planned,,,
1386,9383,Amber,41.8,,,planned,,,
1387,8134,Marlene,7.65,,,planned,,,
1388,9355,Sophie,8.8,,,planned,,,
1389,9915,Spare Kitty,8.71,,,planned,,,
1390,6869,Baby,12.15,,,planned,,,
1391,11547,Nova Nicole,16.8,,,planned,,,
1392,11338,Gimli,68.2,,,planned,,,
1393,7826,Diesel,85.8,,,planned,,,
1394,9783,Jinx,17.19,,,planned,,,
1395,9353,Callie,10.22,,,planned,,,
1396,11499,Coji,15.68,,,planned,,,
1397,11548,Sheila,58.0,,,planned,,,
1398,6992,Callie,15.25,,,planned,,,
1399,2987,Carly,20.4,,,planned,,,
1400,11629,Lacey,21.2,,,planned,,,
1401,6927,Wasabi,7.22,,,planned,,,
1402,10976,Stella,12.0,,,planned,,,
1403,11781,Syrus,64.8,,,planned,,,
1404,11341,Ariel,67.6,,,planned,,,
1405,9488,Nicky,22.71,,,planned,,,
1406,9094,Pippa,9.4,,,planned,,,
1407,11431,Oakley,19.8,,,planned,,,
1408,6270,Wheezer,18.0,,,planned,,,
1409,3478,Eva,11.34,,,planned,,,
1410,10051,Kara,53.4,,,planned,,,
1411,11459,Clementine,4.25,,,planned,,,
1412,9544,Midnight,10.44,,,planned,,,
1413,9496,Test Patient,10.0,,,planned,,,
1414,1642,Zak,25.4,,,planned,,,
1415,11557,Bruce Lee,58.0,,,planned,,,
1416,9600,Autumn,74.8,,,planned,,,
1417,4649,Sasha,19.0,,,planned,,,
1418,11088,Piper,23.2,,,planned,,,
1419,11783,Riley,39.4,,,planned,,,
1420,10011,Snowgirl,56.0,225,Deaf,planned,,,
1421,11430,Hershey,6.4,,,planned,,,
1422,5262,Tang (#4),10.09,,,planned,,,
1423,7113,Sammie,20.4,,,planned,,,
1424,11498,Hattie,15.8,,,planned,,,
1425,6106,Sugar,9.8,,,planned,,,
1426,10899,Vash,8.0,,,planned,,,
1427,7630,Mia,16.2,,,planned,,,
1428,9036,Moochie,9.68,,,planned,,,
1429,5753,Chili,9.0,,,planned,,,
1430,11144,Stella,57.2,,,planned,,,
1431,11287,Thumper,20.0,,,planned,,,
1432,9001,Kota,39.2,,,planned,,,
1433,9969,Sheba,64.0,,,planned,,,
1434,6392,Dolly,11.0,,,planned,,,
1435,10180,Jasper,89.4,,,planned,,,
1436,10505,Odin,52.8,,,planned,,,
1437,11627,Atticus,63.4,,,planned,,,
1438,10207,Kallie,57.8,,,planned,,,
1439,11802,Kato,0.0,,,planned,,,
1440,11372,Lucy Oak,9.0,,,planned,,,
1441,4058,Nugget,16.6,,,planned,,,
1442,6855,Dottie,40.6,,,planned,,,
1443,2764,Emmi,11.75,,,planned,,,
1444,11777,Lilly,0.0,,,planned,,,
1445,11198,Sadie,84.8,,,planned,,,
1446,11099,Snod,6.28,,,planned,,,
1447,11040,Buffi,13.8,,,planned,,,
1448,11572,Phoebe,34.4,,,planned,,,
1449,10366,Zane,76.8,,,planned,,,
1450,11760,Stella,10.0,,,planned,,,
1451,10648,Cocoa,14.6,,,planned,,,
1452,11375,Spooky,12.4,,,planned,,,
1453,11654,Chaos,80.2,,,planned,,,
1454,10357,Nika,11.8,,,planned,,,
1455,10425,Sadie,67.2,,,planned,,,
1456,9337,Vinnie,52.8,,,planned,,,
1457,11532,Hulk,103.4,"215,284",Caution - Will Bite | Muzzle for Treatments,planned,,,
1458,9351,Cosmo,14.2,,,planned,,,
1459,8241,Lucy,13.81,,,planned,,,
1460,9985,Koda,100.4,,,planned,,,
1461,10465,Skooter,56.4,,,planned,,,
1462,10147,Ellie,132.4,,,planned,,,
1463,11620,Dublin,19.2,,,planned,,,
1464,11479,Romeo,58.8,,,planned,,,
1465,9887,Ginger,14.0,,,planned,,,
1466,11276,Bella,15.0,,,planned,,,
1467,11825,Pumpkin,6.4,,,planned,,,
1468,10980,Puff,14.44,,,planned,,,
1469,6940,Molly,95.8,,,planned,,,
1470,11737,Zoey,25.0,,,planned,,,
1471,10856,Chanel,8.4,,,planned,,,
1472,11064,Cloud,7.4,,,planned,,,
1473,11889,Thor,16.2,,,planned,,,
1474,11472,Joey,99.6,"284,209",Muzzle for Treatments | Caution - Go Slow,planned,,,
1475,11916,Toby,5.56,,,planned,,,
1476,11563,Emmy,7.68,,,planned,,,
1477,10956,Max,12.6,,,planned,,,
1478,9875,Pongo,18.0,,,planned,,,
1479,11380,Jenny,8.56,,,planned,,,
1480,11726,Benson(Benny),13.0,,,planned,,,
1481,11876,Sky,60.0,,,planned,,,
1482,9723,River,14.0,,,planned,,,
1483,10562,Sandy,13.06,,,planned,,,
1484,10871,Axel,99.8,,,planned,,,
1485,11840,Boots,7.62,,,planned,,,
1486,11388,Buster,93.2,284,Muzzle for Treatments,planned,,,
1487,11539,Huck,50.6,,,planned,,,
1488,6278,Scrappy,14.8,,,planned,,,
1489,11296,Ragnar,74.4,,,planned,,,
1490,8126,Cuddles,16.97,,,planned,,,
1491,11073,Camo,91.2,,,planned,,,
1492,11877,Wellington,53.8,,,planned,,,
1493,10098,Raylan,61.0,,,planned,,,
1494,10823,Nanook,31.6,,,planned,,,
1495,11888,Minnie,10.71,,,planned,,,
1496,11883,Betsy,8.44,,,planned,,,
1497,11216,Phineas,7.25,,,planned,,,
1498,9912,Polo,7.4,,,planned,,,
1499,11885,Leia,66.7,,,planned,,,
1500,11749,Trooper,65.8,,,planned,,,
1501,8942,Flip,51.0,,,planned,,,
1502,11858,Piper,11.94,,,planned,,,
1503,11814,Ophie,46.4,209,Caution - Go Slow,planned,,,
1504,11815,Emma,70.0,,,planned,,,
1505,11172,Angela,12.47,,,planned,,,
1506,11621,Sweet Pea,56.8,,,planned,,,
1507,11041,Hermione,12.2,,,planned,,,
1508,8735,Nikki,8.37,,,planned,,,
1509,11279,Gronk,15.16,251,FIV +,planned,,,
1510,5743,Rockey,11.3,,,planned,,,
1511,11247,Spooky,0.0,,,planned,,,
1512,10912,Sunny,11.97,,,planned,,,
1513,11438,Ban,80.6,,,planned,,,
1514,6851,Tilly,21.4,,,planned,,,
1515,11187,Bruno,69.0,215,Caution - Will Bite,planned,,,
1516,8089,Lita,6.65,,,planned,,,
1517,8291,Murphy,75.4,,,planned,,,
1518,11006,Sassy,16.0,,,planned,,,
1519,9644,Cody,71.2,,,planned,,,
1520,7009,Jasper (Seamus),15.19,,,planned,,,
1521,7329,Michael,0.0,,,planned,,,
1522,11670,Walton,32.0,,,planned,,,
1523,11306,Tina,8.65,,,planned,,,
1524,11762,Beau,48.2,,,planned,,,
1525,11433,Fezzik,13.97,,,planned,,,
1526,10156,Harley Quinn,58.0,,,planned,,,
1527,10441,Simba,10.88,,,planned,,,
1528,9612,Fibi,17.6,,,planned,,,
1529,10045,Espurr,11.94,,,planned,,,
1530,7857,Bubba,15.4,,,planned,,,
1531,6018,Roxie,9.4,,,planned,,,
1532,9396,Tiny,5.62,,,planned,,,
1533,9962,Oliver,8.8,,,planned,,,
1534,11719,Snickers,49.6,,,planned,,,
1535,9814,Chance,78.0,,,planned,,,
1536,10724,Gunner,58.4,,,planned,,,
1537,8981,Mollie,30.0,,,planned,,,
1538,11363,Honey,28.4,,,planned,,,
1539,11833,Mackerel,13.65,,,planned,,,
1540,11237,Baby Girl,15.2,,,planned,,,
1541,6704,Sparky,85.0,284,Muzzle for Treatments,planned,,,
1542,11770,Simba,0.0,,,planned,,,
1543,8309,Misc.,0.0,,,planned,,,
1544,370,Hamilton,64.2,,,planned,,,
1545,11786,Eddie,86.0,,,planned,,,
1546,11782,Sissy,3.68,,,planned,,,
1547,10280,Muffin,11.6,,,planned,,,
1548,10984,Chase,65.0,,,planned,,,
1549,11249,Boba,8.4,,,planned,,,
1550,11865,Momo,16.34,,,planned,,,
1551,10793,Brook,28.8,,,planned,,,
1552,8871,Royalty,57.8,,,planned,,,
1553,7324,Hazel,18.4,,,planned,,,
1554,10894,Halo,65.0,,,planned,,,
1555,7821,Mouse,4.0,,,planned,,,
1556,8532,Finley,26.0,,,planned,,,
1557,10233,Pancake,66.2,,,planned,,,
1558,11257,Camper,12.0,,,planned,,,
1559,11410,Clifford,13.8,,,planned,,,
1560,9119,Max,55.4,,,planned,,,
1561,11519,Felicia,32.2,,,planned,,,
1562,11642,Bilbo,11.97,,,planned,,,
1563,11705,Woodford,30.6,,,planned,,,
1564,10645,Buddy,10.4,,,planned,,,
1565,10399,Jasmine,69.2,,,planned,,,
1566,11145,Prissy,10.37,,,planned,,,
1567,2754,Chase,15.2,,,planned,,,
1568,10508,Leia,9.28,,,planned,,,
1569,9937,Scamp,17.4,,,planned,,,
1570,11140,Luke,64.6,,,planned,,,
1571,7921,Bella,11.4,,,planned,,,
1572,7338,Daisy,21.6,,,planned,,,
1573,9669,Samson,81.6,,,planned,,,
1574,11188,Lulu,7.91,,,planned,,,
1575,2940,Molly,37.2,,,planned,,,
1576,7844,Lexi,28.8,,,planned,,,
1577,11887,Smokey,0.0,,,planned,,,
1578,11682,Mochi,48.0,,,planned,,,
1579,10678,Luke,14.6,,,planned,,,
1580,609,Butterball,15.68,,,planned,,,
